{
  "summary" : "Java course. Digitalleague\nCreated: Nov 15, 2020, 11:09:16 PM.",
  "title" : "Java Course",
  "authors" : [
    "Andrey"
  ],
  "programming_language" : "JAVA",
  "language" : "ru",
  "course_type" : "PyCharm",
  "items" : [
    {
      "title" : "lesson1",
      "task_list" : [
        {
          "name" : "task1",
          "files" : {
            "src/Task1.java" : {
              "name" : "src/Task1.java",
              "placeholders" : [ ],
              "is_visible" : true,
              "text" : "public class Task1 {\n    public static void main(String[] args) {\n\n    }\n}\n"
            }
          },
          "description_text" : "<html>\n<h2>Типы данных</h2>\n<p>На лекции мы познакомились со следующие типы данных:</p>\n<ul>\n<li>byte</li>\n<li>short</li>\n<li>char</li>\n<li>int</li>\n<li>long</li>\n<li>float</li>\n<li>double</li>\n<li>boolean</li>\n</ul>\n\n<p>Чем отличаются эти типы?</p>\n<p> Какие типы Вы знаеше ещё?</p>\n<p>Создайте текстовый файл и ответьте на эти вопросы, а затем загрузите проект на GitHub <br> </p>\n\n</html>",
          "description_format" : "HTML",
          "feedback_link" : {
            "link_type" : "STEPIK"
          },
          "task_type" : "theory"
        },
        {
          "name" : "task2",
          "files" : {
            "src/Main.java" : {
              "name" : "src/Main.java",
              "placeholders" : [ ],
              "is_visible" : true,
              "text" : "public class Main {\n   public static void main(String[] args) {\n      // Write your solution here\n   }\n}"
            }
          },
          "description_text" : "<html>\n<h2>Классы и объекты</h2>\n<p>Какие бывают классы в Java?</p>\n<p>В чем отличие интерфейса от абстрактного класса?</p>\n<p>Какие модификаторы доступа есть в Java и когда какой применяется?</p>\n<p>Возможно ли множественное наследование в Java?</p>\n\n<p>Создайте текстовый файл и ответьте на эти вопросы, а затем загрузите проект на GitHub <br> </p>\n\n</html>",
          "description_format" : "HTML",
          "feedback_link" : {
            "link_type" : "STEPIK"
          },
          "task_type" : "theory"
        },
        {
          "name" : "task3",
          "files" : {
            "src/Task.java" : {
              "name" : "src/Task.java",
              "placeholders" : [
                {
                  "offset" : 256,
                  "length" : 10,
                  "possible_answer" : "new Task(\"Jon\", \"Snow\", 23, \"To protect the Wall\");",
                  "placeholder_text" : "/* TODO */"
                },
                {
                  "offset" : 323,
                  "length" : 10,
                  "possible_answer" : " public Task(String name, String surname, int age, String description) {\n        this.name = name;\n        this.surname = surname;\n        this.age = age;\n        this.description = description;\n    }",
                  "placeholder_text" : "/* TODO */"
                }
              ],
              "is_visible" : true,
              "text" : "import com.sun.imageio.plugins.jpeg.JPEGImageReaderResources;\n\npublic class Task {\n    private String name;\n    private String surname;\n    private int age;\n    private String description;\n\n\n    public static void main(String[] args) {\n        Task task = /* TODO */\n\n        System.out.println(task.toString());\n    }\n\n   /* TODO */\n\n    @Override\n    public String toString() {\n        return \"My name is \" + name + \" \" + surname + \" I am \" + age + \" years old\"\n                + \"I learn Java because \" + description;\n\n    }\n}"
            },
            "test/Tests.java" : {
              "name" : "test/Tests.java",
              "placeholders" : [ ],
              "is_visible" : false,
              "text" : "import org.junit.Assert;\nimport org.junit.Test;\n\npublic class Tests {\n  @Test\n  public void testSolution() {\n    // put your test here\n    Task task = new Task(\"name\", \"surname\", 26, \"I can\");\n   Assert.assertEquals(\"My name is name surname I am 26 years old\"\n           + \"I learn Java because I can\", task.toString());\n  }\n}"
            }
          },
          "description_text" : "<html>\n<h2>Первые шаги</h2>\n<p>Напишите программу, которая выведет информацию о себе и выводит её на экран</p>\n<p>Заполните места, отмеченные значком TODO</p>\n<p>После выполнения не забудьте загрузить результат на GitHub</p>\n</html>",
          "description_format" : "HTML",
          "feedback_link" : {
            "link_type" : "STEPIK"
          },
          "task_type" : "edu"
        },
        {
          "name" : "task4",
          "files" : {
            "src/Main.java" : {
              "name" : "src/Main.java",
              "placeholders" : [ ],
              "is_visible" : true,
              "text" : "public class Main {\n   public static void main(String[] args) {\n      // Write your solution here\n   }\n\n\n}"
            },
            "test/output.txt" : {
              "name" : "test/output.txt",
              "placeholders" : [ ],
              "is_visible" : false,
              "text" : ""
            }
          },
          "description_text" : "<html>\n<p>Создайте класс Animal, который будет включать в себя поля name - имя животного, age - возраст\n    и метод talk(), котрый отвечает за звук издаваемый животным.\n    От класса Animal создайте два дочерних класса Cat и Dog. Переопределите метод для каждого из животных\n и сделайте возможность инициализацию полей как через конструктор, так и через setter</p>\n\n<p>После выполнения не забудьте загрузить результат на GitHub</p>\n</html>",
          "description_format" : "HTML",
          "feedback_link" : {
            "link_type" : "STEPIK"
          },
          "task_type" : "ide"
        }
      ],
      "type" : "lesson"
    }
  ],
  "additional_files" : [
    {
      "name" : "build.gradle",
      "placeholders" : [ ],
      "is_visible" : true,
      "text" : "buildscript {\n    repositories {\n        mavenCentral()\n    }\n}\n\ndef printOutput(def output) {\n    return tasks.create(\"printOutput\") {\n        for (line in output.toString().readLines()) {\n            println \"#educational_plugin\" + line\n        }\n    }\n}\n\nsubprojects {\n    apply plugin: 'application'\n    apply plugin: 'java'\n\n    sourceCompatibility = 1.8\n\n    repositories {\n        mavenCentral()\n    }\n\n    dependencies {\n        testCompile group: 'junit', name: 'junit', version: '4.12'\n    }\n\n    sourceSets {\n        main {\n            java.srcDir 'src'\n        }\n        test {\n            java.srcDir 'test'\n        }\n    }\n\n    mainClassName = project.hasProperty(\"mainClass\") ? project.getProperty(\"mainClass\") : \"\"\n\n    def runOutput = new ByteArrayOutputStream()\n    tasks.run.setStandardOutput(runOutput)\n    tasks.run.doLast { printOutput(runOutput) }\n}\n\nproject(':util') {\n    dependencies {\n        compile group: 'junit', name: 'junit', version: '4.12'\n    }\n}\n\nconfigure(subprojects.findAll {it.name != 'util'}) {\n  dependencies {\n    compile project(':util').sourceSets.main.output\n    testCompile project(':util').sourceSets.test.output\n  }\n}\n"
    }
  ],
  "version" : 11
}